nama,alamat,kota,lintang,bujur,sumber_data,menerima_makam_baru
TPU Karet Bivak,"Kel. Karet Tengsin, Kec. Tanah Abang, Jakarta Pusat",Kota Jakarta Pusat,-6.202973,106.813763,Kompas 2026-06-24 (Kasudin Tamhut Jakpus); pin: Jakarta Satu Titik_Lokasi_Pemakaman (Distamhut 2024-06-23),tidak
TPU Karet Pasar Baru Barat (Karet PSBB),"Jl. Karet Pasar Baru Barat 4 (street from OSM), Kel. Karet Tengsin, Kec. Tanah Abang, Jakarta Pusat",Kota Jakarta Pusat,,,Kompas 2026-06-24 (Kasudin Tamhut Jakpus),tidak
TPU Kawi-Kawi,"Kel. Johar Baru, Kec. Johar Baru, Jakarta Pusat",Kota Jakarta Pusat,-6.186931,106.85378,Kompas 2026-06-24 (Kasudin Tamhut Jakpus); pin: Jakarta Satu Titik_Lokasi_Pemakaman (Distamhut 2024-06-23),tidak
TPU Rorotan,"Kel. Rorotan, Kec. Cilincing, Jakarta Utara",Kota Jakarta Utara,-6.15343,106.968681,"Distamhut DKI Ketersediaan Petak Makam, dibaca 2026-09-25; pin: Jakarta Satu Titik_Lokasi_Pemakaman (Distamhut 2024-06-23)",ya
TPU Tegal Alur II,"Jl. Pemakaman (street from OSM), Kel. Tegal Alur, Kec. Kali Deres, Jakarta Barat",Kota Jakarta Barat,-6.107054,106.707553,"Distamhut DKI Ketersediaan Petak Makam, dibaca 2026-09-25; pin: Jakarta Satu Titik_Lokasi_Pemakaman (Distamhut 2024-06-23)",ya
TPU Utan Jati,"Jl. Utan Jati (street from OSM), Kel. Pegadungan, Kec. Kali Deres, Jakarta Barat",Kota Jakarta Barat,-6.147505,106.715791,Pemkot Jakarta Barat 2025-10-23; pin: Jakarta Satu Titik_Lokasi_Pemakaman (Distamhut 2024-06-23),tidak
TPU Semanan,"Kel. Semanan, Kec. Kali Deres, Jakarta Barat",Kota Jakarta Barat,-6.162294,106.703061,Pemkot Jakarta Barat 2025-10-23; pin: Jakarta Satu Titik_Lokasi_Pemakaman (Distamhut 2024-06-23),tidak
TPU Sukabumi Selatan,"Jl. Al Falah II (street from OSM), Kel. Sukabumi Selatan, Kec. Kebon Jeruk, Jakarta Barat",Kota Jakarta Barat,-6.218329,106.773484,Pemkot Jakarta Barat 2025-10-23; pin: Jakarta Satu Titik_Lokasi_Pemakaman (Distamhut 2024-06-23),tidak
TPU Kepa Duri (Duri Kepa),"Jl. Duri Intan Raya (street from OSM), Kel. Duri Kepa, Kec. Kebon Jeruk, Jakarta Barat",Kota Jakarta Barat,-6.180851,106.773953,Pemkot Jakarta Barat 2025-10-23; pin: Jakarta Satu Titik_Lokasi_Pemakaman (Distamhut 2024-06-23),tidak
TPU Joglo,"Kel. Srengseng, Kec. Kembangan, Jakarta Barat",Kota Jakarta Barat,,,Pemkot Jakarta Barat 2025-10-23,tidak
TPU Rawa Kopi,"Jl. Kedoya Raya (street from OSM), Kel. Kedoya Selatan, Kec. Kebon Jeruk, Jakarta Barat",Kota Jakarta Barat,-6.188381,106.761693,Pemkot Jakarta Barat 2025-10-23; pin: Jakarta Satu Titik_Lokasi_Pemakaman (Distamhut 2024-06-23),tidak
TPU Grogol Kemanggisan,"Jl. Kemanggisan Pulo (street from OSM), Kel. Palmerah, Kec. Palmerah, Jakarta Barat",Kota Jakarta Barat,-6.20371,106.789887,Pemkot Jakarta Barat 2025-10-23; pin: Jakarta Satu Titik_Lokasi_Pemakaman (Distamhut 2024-06-23),tidak
TPU Tanah Kusir I/II,"Jl. Bintaro Raya (street from OSM), Kel. Kebayoran Lama Utara, Kec. Kebayoran Lama, Jakarta Selatan",Kota Jakarta Selatan,-6.252585,106.772011,"Distamhut DKI Ketersediaan Petak Makam, dibaca 2026-09-25; pin: Jakarta Satu Titik_Lokasi_Pemakaman (Distamhut 2024-06-23)",ya
TPU Kampung Kandang,"Kel. Jagakarsa, Kec. Jagakarsa, Jakarta Selatan",Kota Jakarta Selatan,-6.319122,106.808757,"Distamhut DKI Ketersediaan Petak Makam, dibaca 2026-09-25; pin: Jakarta Satu Titik_Lokasi_Pemakaman (Distamhut 2024-06-23)",ya
TPU Jeruk Purut,"Jl. Madrasah Raya (street from OSM), Kel. Cilandak Timur, Kec. Pasar Minggu, Jakarta Selatan",Kota Jakarta Selatan,-6.279857,106.815077,"Distamhut DKI Ketersediaan Petak Makam, dibaca 2026-09-25; pin: Jakarta Satu Titik_Lokasi_Pemakaman (Distamhut 2024-06-23)",ya
TPU Pasar Minggu,"Gang Mawar (street from OSM), Kel. Pasar Minggu, Kec. Pasar Minggu, Jakarta Selatan",Kota Jakarta Selatan,-6.282937,106.840476,"Distamhut DKI Ketersediaan Petak Makam, dibaca 2026-09-25; pin: Jakarta Satu Titik_Lokasi_Pemakaman (Distamhut 2024-06-23)",ya
TPU Menteng Pulo I,"Kel. Menteng Atas, Kec. Setia Budi, Jakarta Selatan",Kota Jakarta Selatan,-6.220881,106.839478,detikNews 2025-10-20 (Sudin Tamhut Jaksel); pin: Jakarta Satu Titik_Lokasi_Pemakaman (Distamhut 2024-06-23),tidak
TPU Cidodol,"Kel. Grogol Selatan, Kec. Kebayoran Lama, Jakarta Selatan",Kota Jakarta Selatan,-6.229531,106.76626,detikNews 2025-10-20 (Sudin Tamhut Jaksel); pin: Jakarta Satu Titik_Lokasi_Pemakaman (Distamhut 2024-06-23),tidak
TPU Jagakarsa,"Jl. Rambutan I (street from OSM), Kel. Jagakarsa, Kec. Jagakarsa, Jakarta Selatan",Kota Jakarta Selatan,-6.32904,106.82272,detikNews 2025-10-20 (Sudin Tamhut Jaksel); pin: Jakarta Satu Titik_Lokasi_Pemakaman (Distamhut 2024-06-23),tidak
TPU Tanjung Barat,"Kel. Tanjung Barat, Kec. Jagakarsa, Jakarta Selatan",Kota Jakarta Selatan,-6.300087,106.844279,detikNews 2025-10-20 (Sudin Tamhut Jaksel); pin: Jakarta Satu Titik_Lokasi_Pemakaman (Distamhut 2024-06-23),tidak
TPU Kampung Kongsi,"Kel. Bintaro, Kec. Pesanggrahan, Jakarta Selatan",Kota Jakarta Selatan,-6.283781,106.765111,detikNews 2025-10-20 (Sudin Tamhut Jaksel); pin: Jakarta Satu Titik_Lokasi_Pemakaman (Distamhut 2024-06-23),tidak
TPU Grogol Selatan,"Jl. Kubur Islam (street from OSM), Kel. Grogol Selatan, Kec. Kebayoran Lama, Jakarta Selatan",Kota Jakarta Selatan,-6.231178,106.782381,detikNews 2025-10-20 (Sudin Tamhut Jaksel); pin: Jakarta Satu Titik_Lokasi_Pemakaman (Distamhut 2024-06-23),tidak
TPU Kebagusan,"Gang Ikhtiar (street from OSM), Kel. Kebagusan, Kec. Pasar Minggu, Jakarta Selatan",Kota Jakarta Selatan,-6.308394,106.835865,detikNews 2025-10-20 (Sudin Tamhut Jaksel); pin: Jakarta Satu Titik_Lokasi_Pemakaman (Distamhut 2024-06-23),tidak
TPU Pisangan,"Kel. Ragunan, Kec. Pasar Minggu, Jakarta Selatan",Kota Jakarta Selatan,,,detikNews 2025-10-20 (Sudin Tamhut Jaksel),tidak
TPU Pejaten Timur,"Kel. Pejaten Timur, Kec. Pasar Minggu, Jakarta Selatan",Kota Jakarta Selatan,-6.274551,106.85047,detikNews 2025-10-20 (Sudin Tamhut Jaksel); pin: Jakarta Satu Titik_Lokasi_Pemakaman (Distamhut 2024-06-23),tidak
TPU Pejaten Barat,"Jl. Jatipadang Utara (street from OSM), Kel. Jati Padang, Kec. Pasar Minggu, Jakarta Selatan",Kota Jakarta Selatan,-6.280901,106.832272,detikNews 2025-10-20 (Sudin Tamhut Jaksel); pin: Jakarta Satu Titik_Lokasi_Pemakaman (Distamhut 2024-06-23),tidak
TPU Cikoko,"Kel. Cikoko, Kec. Pancoran, Jakarta Selatan",Kota Jakarta Selatan,-6.244622,106.854912,detikNews 2025-10-20 (Sudin Tamhut Jaksel); pin: Jakarta Satu Titik_Lokasi_Pemakaman (Distamhut 2024-06-23),tidak
TPU Rawa Terate,"Jl. Swadaya, Kel. Rawa Terate, Kec. Cakung, Jakarta Timur",Kota Jakarta Timur,,,"Distamhut DKI Ketersediaan Petak Makam, dibaca 2026-09-25",ya
TPU Cipayung,"Jl. TPU Cipayung (street from OSM), Kel. Cipayung, Kec. Cipayung, Jakarta Timur",Kota Jakarta Timur,-6.329751,106.898084,"Distamhut DKI Ketersediaan Petak Makam, dibaca 2026-09-25; pin: Jakarta Satu Titik_Lokasi_Pemakaman (Distamhut 2024-06-23)",ya
TPU Cilangkap,"Jl. Cilangkap Raya (street from OSM), Kel. Cilangkap, Kec. Cipayung, Jakarta Timur",Kota Jakarta Timur,-6.339782,106.900077,"Distamhut DKI Ketersediaan Petak Makam, dibaca 2026-09-25; pin: Jakarta Satu Titik_Lokasi_Pemakaman (Distamhut 2024-06-23)",ya
TPU Bambu Apus,"Jl. Setu Cipayung (street from OSM), Kel. Bambu Apus, Kec. Cipayung, Jakarta Timur",Kota Jakarta Timur,-6.319785,106.907671,"Distamhut DKI Ketersediaan Petak Makam, dibaca 2026-09-25; pin: Jakarta Satu Titik_Lokasi_Pemakaman (Distamhut 2024-06-23)",ya
TPU Cipinang Besar,"Jl. Kebon Nanas (street from OSM), Kel. Cipinang Besar Selatan, Kec. Jatinegara, Jakarta Timur",Kota Jakarta Timur,-6.231453,106.879417,"Distamhut DKI Ketersediaan Petak Makam, dibaca 2026-09-25; pin: Jakarta Satu Titik_Lokasi_Pemakaman (Distamhut 2024-06-23)",ya
TPU Prumpung,"Kel. Cipinang Besar Utara, Kec. Jatinegara, Jakarta Timur",Kota Jakarta Timur,-6.222013,106.876796,"Distamhut DKI Ketersediaan Petak Makam, dibaca 2026-09-25; pin: Jakarta Satu Titik_Lokasi_Pemakaman (Distamhut 2024-06-23)",ya
TPU Kober Jatinegara,"Jl. Jenderal Basuki Rahmat (street from OSM), Kel. Rawa Bunga, Kec. Jatinegara, Jakarta Timur",Kota Jakarta Timur,-6.223643,106.871351,"Distamhut DKI Ketersediaan Petak Makam, dibaca 2026-09-25; pin: Jakarta Satu Titik_Lokasi_Pemakaman (Distamhut 2024-06-23)",ya
TPU Kampung Dukuh,"Jl. Penggilingan Baru (street from OSM), Kel. Dukuh, Kec. Kramat Jati, Jakarta Timur",Kota Jakarta Timur,-6.300341,106.876782,"Distamhut DKI Ketersediaan Petak Makam, dibaca 2026-09-25; pin: Jakarta Satu Titik_Lokasi_Pemakaman (Distamhut 2024-06-23)",ya
TPU Kampung Bayur,,Kota Jakarta Timur,,,"Distamhut DKI Ketersediaan Petak Makam, dibaca 2026-09-25",ya
TPU Munjul,"Jl. TPU Munjul (street from OSM), Kel. Munjul, Kec. Cipayung, Jakarta Timur",Kota Jakarta Timur,-6.353853,106.898779,"Distamhut DKI Ketersediaan Petak Makam, dibaca 2026-09-25; pin: Jakarta Satu Titik_Lokasi_Pemakaman (Distamhut 2024-06-23)",ya
TPU Ceger,"Jl. Pusara Indah (street from OSM), Kel. Ceger, Kec. Cipayung, Jakarta Timur",Kota Jakarta Timur,-6.314891,106.889109,"Distamhut DKI Ketersediaan Petak Makam, dibaca 2026-09-25; pin: Jakarta Satu Titik_Lokasi_Pemakaman (Distamhut 2024-06-23)",ya
TPU Cibubur I/II,"Jl. Haji Abdul Rahman (street from OSM), Kel. Cibubur, Kec. Ciracas, Jakarta Timur",Kota Jakarta Timur,-6.363195,106.878837,"Distamhut DKI Ketersediaan Petak Makam, dibaca 2026-09-25; pin: Jakarta Satu Titik_Lokasi_Pemakaman (Distamhut 2024-06-23)",ya
