name,kota,address,lat,lng,coord_source,menerima_makam_baru,status_as_of,source_url
TPU Karet Bivak,Jakarta Pusat,"Kel. Karet Tengsin, Kec. Tanah Abang, Jakarta Pusat",-6.202973,106.813763,"official: Jakarta Satu layer Titik_Lokasi_Pemakaman (Distamhut, 2024-06-23), fid 30",tidak,2026-06-24,https://megapolitan.kompas.com/read/2026/06/24/16184091/krisis-pemakaman-di-jakpus-tiga-sudah-penuh-total-satu-lagi-mulai
TPU Karet Pasar Baru Barat (Karet PSBB),Jakarta Pusat,"Jl. Karet Pasar Baru Barat 4 (street from OSM), Kel. Karet Tengsin, Kec. Tanah Abang, Jakarta Pusat",-6.208093,106.815768,"official: Jakarta Satu layer Titik_Lokasi_Pemakaman (Distamhut, 2024-06-23), fid 31; official point is labelled 'Tpu Karet Tengsin'; matched by street Jl. Karet Pasar Baru Barat; needs verification",tidak,2026-06-24,https://megapolitan.kompas.com/read/2026/06/24/16184091/krisis-pemakaman-di-jakpus-tiga-sudah-penuh-total-satu-lagi-mulai
TPU Kawi-Kawi,Jakarta Pusat,"Kel. Johar Baru, Kec. Johar Baru, Jakarta Pusat",-6.186931,106.85378,"official: Jakarta Satu layer Titik_Lokasi_Pemakaman (Distamhut, 2024-06-23), fid 32",tidak,2026-06-24,https://megapolitan.kompas.com/read/2026/06/24/16184091/krisis-pemakaman-di-jakpus-tiga-sudah-penuh-total-satu-lagi-mulai
TPU Petamburan,Jakarta Pusat,"Kel. Petamburan, Kec. Tanah Abang, Jakarta Pusat",-6.198972,106.804527,"official: Jakarta Satu layer Titik_Lokasi_Pemakaman (Distamhut, 2024-06-23), fid 47",unknown,2026-06-24,https://megapolitan.kompas.com/read/2026/06/24/16184091/krisis-pemakaman-di-jakpus-tiga-sudah-penuh-total-satu-lagi-mulai
TPU Rorotan,Jakarta Utara,"Kel. Rorotan, Kec. Cilincing, Jakarta Utara",-6.15343,106.968681,"official: Jakarta Satu layer Titik_Lokasi_Pemakaman (Distamhut, 2024-06-23), fid 59",ya,2026-09-25,https://distamhut.jakarta.go.id/ketersediaan-perpetakan
TPU Malaka Ampat (Malaka IV),Jakarta Utara,"Jl. Malaka III, Kel. Rorotan, Kec. Cilincing, Jakarta Utara",-6.151146,106.956449,"from map search (OSM way 1378191870 'TPU Malaka IV'), needs verification",tidak,2026-09-25,https://distamhut.jakarta.go.id/ketersediaan-perpetakan
TPU Jembatan Sampi,Jakarta Utara,"Kel. Cilincing, Kec. Cilincing, Jakarta Utara",-6.108064,106.939375,"official: Jakarta Satu layer Titik_Lokasi_Pemakaman (Distamhut, 2024-06-23), fid 17",tidak,2026-09-25,https://distamhut.jakarta.go.id/ketersediaan-perpetakan
TPU Sarang Bango / Malaka I,Jakarta Utara,"Jl. Malaka I (street from OSM), Kel. Rorotan, Kec. Cilincing, Jakarta Utara",-6.134484,106.954759,"official: Jakarta Satu layer Titik_Lokasi_Pemakaman (Distamhut, 2024-06-23), fid 60",tidak,2026-09-25,https://distamhut.jakarta.go.id/ketersediaan-perpetakan
TPU Tegal Kunir,Jakarta Utara,"Kel. Tugu Selatan, Kec. Koja, Jakarta Utara",-6.13145,106.916997,"official: Jakarta Satu layer Titik_Lokasi_Pemakaman (Distamhut, 2024-06-23), fid 72",tidak,2026-09-25,https://distamhut.jakarta.go.id/ketersediaan-perpetakan
TPU Plumpang,Jakarta Utara,"Jl. Plumpang Semper (street from OSM), Kel. Tugu Selatan, Kec. Koja, Jakarta Utara",-6.13162,106.913458,"official: Jakarta Satu layer Titik_Lokasi_Pemakaman (Distamhut, 2024-06-23), fid 49",tidak,2026-09-25,https://distamhut.jakarta.go.id/ketersediaan-perpetakan
TPU Kampung Mangga,Jakarta Utara,"Jl. Plumpang Semper (street from OSM), Kel. Tugu Utara, Kec. Koja, Jakarta Utara",-6.129119,106.909514,"official: Jakarta Satu layer Titik_Lokasi_Pemakaman (Distamhut, 2024-06-23), fid 27",tidak,2026-09-25,https://distamhut.jakarta.go.id/ketersediaan-perpetakan
TPU Sungai Bambu,Jakarta Utara,"Jl. Papanggo III (street from OSM), Kel. Papanggo, Kec. Tanjung Priok, Jakarta Utara",-6.126592,106.877646,"official: Jakarta Satu layer Titik_Lokasi_Pemakaman (Distamhut, 2024-06-23), fid 65",tidak,2026-09-25,https://distamhut.jakarta.go.id/ketersediaan-perpetakan
TPU Semper,Jakarta Utara,"Jl. Peralihan (street from OSM), Kel. Semper Timur, Kec. Cilincing, Jakarta Utara",-6.119598,106.936841,"official: Jakarta Satu layer Titik_Lokasi_Pemakaman (Distamhut, 2024-06-23), fid 62",tidak,2026-09-25,https://distamhut.jakarta.go.id/ketersediaan-perpetakan
TPU Tegal Alur I,Jakarta Barat,"Jl. Kamal Benda (street from OSM), Kel. Kamal, Kec. Kali Deres, Jakarta Barat",-6.105845,106.703482,"official: Jakarta Satu layer Titik_Lokasi_Pemakaman (Distamhut, 2024-06-23), fid 71; which official point is Tegal Alur I vs II is uncertain",unknown,2025-10-23,https://barat.jakarta.go.id/berita/sebelas-tpu-di-jakbar-terapkan-sistem-makam-tumpang
TPU Tegal Alur II,Jakarta Barat,"Jl. Pemakaman (street from OSM), Kel. Tegal Alur, Kec. Kali Deres, Jakarta Barat",-6.107054,106.707553,"official: Jakarta Satu layer Titik_Lokasi_Pemakaman (Distamhut, 2024-06-23), fid 70; official point labelled 'Tpu Tegal Alur Islam'; which point is I vs II is uncertain",ya,2026-09-25,https://distamhut.jakarta.go.id/ketersediaan-perpetakan
TPU Pegadungan,Jakarta Barat,,,,none found; needs field check,unknown,2026-09-25,https://news.detik.com/berita/d-8173196/69-dari-80-tpu-di-jakarta-sudah-penuh-hanya-menerima-makam-tumpang
TPU Utan Jati,Jakarta Barat,"Jl. Utan Jati (street from OSM), Kel. Pegadungan, Kec. Kali Deres, Jakarta Barat",-6.147505,106.715791,"official: Jakarta Satu layer Titik_Lokasi_Pemakaman (Distamhut, 2024-06-23), fid 73",tidak,2025-10-23,https://barat.jakarta.go.id/berita/sebelas-tpu-di-jakbar-terapkan-sistem-makam-tumpang
TPU Kebon Jahe,Jakarta Barat,,,,none found; needs field check,tidak,2026-09-25,https://distamhut.jakarta.go.id/ketersediaan-perpetakan
TPU Semanan,Jakarta Barat,"Kel. Semanan, Kec. Kali Deres, Jakarta Barat",-6.162294,106.703061,"official: Jakarta Satu layer Titik_Lokasi_Pemakaman (Distamhut, 2024-06-23), fid 61",tidak,2025-10-23,https://barat.jakarta.go.id/berita/sebelas-tpu-di-jakbar-terapkan-sistem-makam-tumpang
TPU Sukabumi Selatan,Jakarta Barat,"Jl. Al Falah II (street from OSM), Kel. Sukabumi Selatan, Kec. Kebon Jeruk, Jakarta Barat",-6.218329,106.773484,"official: Jakarta Satu layer Titik_Lokasi_Pemakaman (Distamhut, 2024-06-23), fid 64",tidak,2025-10-23,https://barat.jakarta.go.id/berita/sebelas-tpu-di-jakbar-terapkan-sistem-makam-tumpang
TPU Kepa Duri (Duri Kepa),Jakarta Barat,"Jl. Duri Intan Raya (street from OSM), Kel. Duri Kepa, Kec. Kebon Jeruk, Jakarta Barat",-6.180851,106.773953,"official: Jakarta Satu layer Titik_Lokasi_Pemakaman (Distamhut, 2024-06-23), fid 35",tidak,2025-10-23,https://barat.jakarta.go.id/berita/sebelas-tpu-di-jakbar-terapkan-sistem-makam-tumpang
TPU Joglo,Jakarta Barat,"Kel. Srengseng, Kec. Kembangan, Jakarta Barat",-6.220432,106.758934,"from map search (OSM way 30989559 'TPU Joglo'), needs verification; the official layer's 'Tpu Joglo 2 Swadarma' point (-6.22315,106.76002) falls in Kel. Petukangan Utara, Jakarta Selatan",tidak,2025-10-23,https://barat.jakarta.go.id/berita/sebelas-tpu-di-jakbar-terapkan-sistem-makam-tumpang
TPU Rawa Kopi,Jakarta Barat,"Jl. Kedoya Raya (street from OSM), Kel. Kedoya Selatan, Kec. Kebon Jeruk, Jakarta Barat",-6.188381,106.761693,"official: Jakarta Satu layer Titik_Lokasi_Pemakaman (Distamhut, 2024-06-23), fid 58",tidak,2025-10-23,https://barat.jakarta.go.id/berita/sebelas-tpu-di-jakbar-terapkan-sistem-makam-tumpang
TPU Basmol,Jakarta Barat,"Jl. Basmol Raya (street from OSM), Kel. Kembangan Utara, Kec. Kembangan, Jakarta Barat",-6.160398,106.752427,"official: Jakarta Satu layer Titik_Lokasi_Pemakaman (Distamhut, 2024-06-23), fid 3",tidak,2026-09-25,https://distamhut.jakarta.go.id/ketersediaan-perpetakan
TPU Grogol Kemanggisan,Jakarta Barat,"Jl. Kemanggisan Pulo (street from OSM), Kel. Palmerah, Kec. Palmerah, Jakarta Barat",-6.20371,106.789887,"official: Jakarta Satu layer Titik_Lokasi_Pemakaman (Distamhut, 2024-06-23), fid 14",tidak,2025-10-23,https://barat.jakarta.go.id/berita/sebelas-tpu-di-jakbar-terapkan-sistem-makam-tumpang
TPU Tanah Kusir I/II,Jakarta Selatan,"Jl. Bintaro Raya (street from OSM), Kel. Kebayoran Lama Utara, Kec. Kebayoran Lama, Jakarta Selatan",-6.252585,106.772011,"official: Jakarta Satu layer Titik_Lokasi_Pemakaman (Distamhut, 2024-06-23), fid 68",ya,2026-09-25,https://distamhut.jakarta.go.id/ketersediaan-perpetakan
TPU Kampung Kandang,Jakarta Selatan,"Kel. Jagakarsa, Kec. Jagakarsa, Jakarta Selatan",-6.319122,106.808757,"official: Jakarta Satu layer Titik_Lokasi_Pemakaman (Distamhut, 2024-06-23), fid 24",ya,2026-09-25,https://distamhut.jakarta.go.id/ketersediaan-perpetakan
TPU Srengseng Sawah,Jakarta Selatan,"Jl. Setu Babakan Timur (street from OSM), Kel. Srengseng Sawah, Kec. Jagakarsa, Jakarta Selatan",-6.349639,106.818245,"official: Jakarta Satu layer Titik_Lokasi_Pemakaman (Distamhut, 2024-06-23), fid 63",unknown,2026-09-25,https://news.detik.com/berita/d-8173196/69-dari-80-tpu-di-jakarta-sudah-penuh-hanya-menerima-makam-tumpang
TPU Jeruk Purut,Jakarta Selatan,"Jl. Madrasah Raya (street from OSM), Kel. Cilandak Timur, Kec. Pasar Minggu, Jakarta Selatan",-6.279857,106.815077,"official: Jakarta Satu layer Titik_Lokasi_Pemakaman (Distamhut, 2024-06-23), fid 18",ya,2026-09-25,https://distamhut.jakarta.go.id/ketersediaan-perpetakan
TPU Pasar Minggu,Jakarta Selatan,"Gang Mawar (street from OSM), Kel. Pasar Minggu, Kec. Pasar Minggu, Jakarta Selatan",-6.282937,106.840476,"official: Jakarta Satu layer Titik_Lokasi_Pemakaman (Distamhut, 2024-06-23), fid 43",ya,2026-09-25,https://distamhut.jakarta.go.id/ketersediaan-perpetakan
TPU Menteng Pulo I,Jakarta Selatan,"Kel. Menteng Atas, Kec. Setia Budi, Jakarta Selatan",-6.220881,106.839478,"official: Jakarta Satu layer Titik_Lokasi_Pemakaman (Distamhut, 2024-06-23), fid 40",tidak,2025-10-20,https://news.detik.com/berita/d-8169575/lahan-penuh-9-tpu-di-jaksel-tak-lagi-terima-makam-baru
TPU Menteng Pulo II,Jakarta Selatan,"Jl. Makam Menteng Pulo (street from OSM), Kel. Menteng Dalam, Kec. Tebet, Jakarta Selatan",-6.227272,106.838204,"official: Jakarta Satu layer Titik_Lokasi_Pemakaman (Distamhut, 2024-06-23), fid 41",unknown,2026-09-25,https://www.antaranews.com/berita/5281661/distamhut-dki-tambah-1300-makam-di-tpu-menteng-pulo-2-usai-relokasi
TPU Cidodol,Jakarta Selatan,"Kel. Grogol Selatan, Kec. Kebayoran Lama, Jakarta Selatan",-6.229531,106.76626,"official: Jakarta Satu layer Titik_Lokasi_Pemakaman (Distamhut, 2024-06-23), fid 6",tidak,2025-10-20,https://news.detik.com/berita/d-8169575/lahan-penuh-9-tpu-di-jaksel-tak-lagi-terima-makam-baru
TPU Jagakarsa,Jakarta Selatan,"Jl. Rambutan I (street from OSM), Kel. Jagakarsa, Kec. Jagakarsa, Jakarta Selatan",-6.32904,106.82272,"official: Jakarta Satu layer Titik_Lokasi_Pemakaman (Distamhut, 2024-06-23), fid 16",tidak,2025-10-20,https://news.detik.com/berita/d-8169575/lahan-penuh-9-tpu-di-jaksel-tak-lagi-terima-makam-baru
TPU Tanjung Barat,Jakarta Selatan,"Kel. Tanjung Barat, Kec. Jagakarsa, Jakarta Selatan",-6.300087,106.844279,"official: Jakarta Satu layer Titik_Lokasi_Pemakaman (Distamhut, 2024-06-23), fid 69",tidak,2025-10-20,https://news.detik.com/berita/d-8169575/lahan-penuh-9-tpu-di-jaksel-tak-lagi-terima-makam-baru
TPU Kampung Kongsi,Jakarta Selatan,"Kel. Bintaro, Kec. Pesanggrahan, Jakarta Selatan",-6.283781,106.765111,"official: Jakarta Satu layer Titik_Lokasi_Pemakaman (Distamhut, 2024-06-23), fid 26",tidak,2025-10-20,https://news.detik.com/berita/d-8169575/lahan-penuh-9-tpu-di-jaksel-tak-lagi-terima-makam-baru
TPU Grogol Selatan,Jakarta Selatan,"Jl. Kubur Islam (street from OSM), Kel. Grogol Selatan, Kec. Kebayoran Lama, Jakarta Selatan",-6.231178,106.782381,"official: Jakarta Satu layer Titik_Lokasi_Pemakaman (Distamhut, 2024-06-23), fid 15",tidak,2025-10-20,https://news.detik.com/berita/d-8169575/lahan-penuh-9-tpu-di-jaksel-tak-lagi-terima-makam-baru
TPU Kebagusan,Jakarta Selatan,"Gang Ikhtiar (street from OSM), Kel. Kebagusan, Kec. Pasar Minggu, Jakarta Selatan",-6.308394,106.835865,"official: Jakarta Satu layer Titik_Lokasi_Pemakaman (Distamhut, 2024-06-23), fid 33",tidak,2025-10-20,https://news.detik.com/berita/d-8169575/lahan-penuh-9-tpu-di-jaksel-tak-lagi-terima-makam-baru
TPU Pisangan,Jakarta Selatan,"Kel. Ragunan, Kec. Pasar Minggu, Jakarta Selatan",-6.306218,106.822406,"official: Jakarta Satu layer Titik_Lokasi_Pemakaman (Distamhut, 2024-06-23), fid 48; OSM names the same spot 'TPU wakaf ragunan'; needs verification",tidak,2025-10-20,https://news.detik.com/berita/d-8169575/lahan-penuh-9-tpu-di-jaksel-tak-lagi-terima-makam-baru
TPU Pejaten Timur,Jakarta Selatan,"Kel. Pejaten Timur, Kec. Pasar Minggu, Jakarta Selatan",-6.274551,106.85047,"official: Jakarta Satu layer Titik_Lokasi_Pemakaman (Distamhut, 2024-06-23), fid 45",tidak,2025-10-20,https://news.detik.com/berita/d-8169575/lahan-penuh-9-tpu-di-jaksel-tak-lagi-terima-makam-baru
TPU Pejaten Barat,Jakarta Selatan,"Jl. Jatipadang Utara (street from OSM), Kel. Jati Padang, Kec. Pasar Minggu, Jakarta Selatan",-6.280901,106.832272,"official: Jakarta Satu layer Titik_Lokasi_Pemakaman (Distamhut, 2024-06-23), fid 44",tidak,2025-10-20,https://news.detik.com/berita/d-8169575/lahan-penuh-9-tpu-di-jaksel-tak-lagi-terima-makam-baru
TPU Cikoko,Jakarta Selatan,"Kel. Cikoko, Kec. Pancoran, Jakarta Selatan",-6.244622,106.854912,"official: Jakarta Satu layer Titik_Lokasi_Pemakaman (Distamhut, 2024-06-23), fid 8",tidak,2025-10-20,https://news.detik.com/berita/d-8169575/lahan-penuh-9-tpu-di-jaksel-tak-lagi-terima-makam-baru
TPU Rawa Terate,Jakarta Timur,"Jl. Swadaya, Kel. Rawa Terate, Kec. Cakung, Jakarta Timur",-6.188943,106.928464,"from map search, LOW confidence: nearest candidate is OSM way 155953669 'TPU Kober Cantang' in Kel. Rawa Terate; not in the official layer; needs verification",ya,2026-09-25,https://distamhut.jakarta.go.id/ketersediaan-perpetakan
TPU Cipayung,Jakarta Timur,"Jl. TPU Cipayung (street from OSM), Kel. Cipayung, Kec. Cipayung, Jakarta Timur",-6.329751,106.898084,"official: Jakarta Satu layer Titik_Lokasi_Pemakaman (Distamhut, 2024-06-23), fid 10",ya,2026-09-25,https://distamhut.jakarta.go.id/ketersediaan-perpetakan
TPU Cilangkap,Jakarta Timur,"Jl. Cilangkap Raya (street from OSM), Kel. Cilangkap, Kec. Cipayung, Jakarta Timur",-6.339782,106.900077,"official: Jakarta Satu layer Titik_Lokasi_Pemakaman (Distamhut, 2024-06-23), fid 9",ya,2026-09-25,https://distamhut.jakarta.go.id/ketersediaan-perpetakan
TPU Bambu Apus,Jakarta Timur,"Jl. Setu Cipayung (street from OSM), Kel. Bambu Apus, Kec. Cipayung, Jakarta Timur",-6.319785,106.907671,"official: Jakarta Satu layer Titik_Lokasi_Pemakaman (Distamhut, 2024-06-23), fid 1",ya,2026-09-25,https://distamhut.jakarta.go.id/ketersediaan-perpetakan
TPU Cipinang Besar,Jakarta Timur,"Jl. Kebon Nanas (street from OSM), Kel. Cipinang Besar Selatan, Kec. Jatinegara, Jakarta Timur",-6.231453,106.879417,"official: Jakarta Satu layer Titik_Lokasi_Pemakaman (Distamhut, 2024-06-23), fid 80; official point is unnamed; the point the layer labels 'Tpu Cipinang Besar' duplicates Prumpung's coordinates; this unnamed point sits 160 m from OSM 'TPU Cipinang Besar' (Jl. Kebon Nanas)",ya,2026-09-25,https://distamhut.jakarta.go.id/ketersediaan-perpetakan
TPU Prumpung,Jakarta Timur,"Kel. Cipinang Besar Utara, Kec. Jatinegara, Jakarta Timur",-6.222013,106.876796,"official: Jakarta Satu layer Titik_Lokasi_Pemakaman (Distamhut, 2024-06-23), fid 52",ya,2026-09-25,https://distamhut.jakarta.go.id/ketersediaan-perpetakan
TPU Kober Jatinegara,Jakarta Timur,"Jl. Jenderal Basuki Rahmat (street from OSM), Kel. Rawa Bunga, Kec. Jatinegara, Jakarta Timur",-6.223643,106.871351,"official: Jakarta Satu layer Titik_Lokasi_Pemakaman (Distamhut, 2024-06-23), fid 36",ya,2026-09-25,https://distamhut.jakarta.go.id/ketersediaan-perpetakan
TPU Kampung Dukuh,Jakarta Timur,"Jl. Penggilingan Baru (street from OSM), Kel. Dukuh, Kec. Kramat Jati, Jakarta Timur",-6.300341,106.876782,"official: Jakarta Satu layer Titik_Lokasi_Pemakaman (Distamhut, 2024-06-23), fid 21",ya,2026-09-25,https://distamhut.jakarta.go.id/ketersediaan-perpetakan
TPU Kampung Bayur,Jakarta Timur,,,,none found; needs field check,ya,2026-09-25,https://distamhut.jakarta.go.id/ketersediaan-perpetakan
TPU Munjul,Jakarta Timur,"Jl. TPU Munjul (street from OSM), Kel. Munjul, Kec. Cipayung, Jakarta Timur",-6.353853,106.898779,"official: Jakarta Satu layer Titik_Lokasi_Pemakaman (Distamhut, 2024-06-23), fid 42",ya,2026-09-25,https://distamhut.jakarta.go.id/ketersediaan-perpetakan
TPU Ceger,Jakarta Timur,"Jl. Pusara Indah (street from OSM), Kel. Ceger, Kec. Cipayung, Jakarta Timur",-6.314891,106.889109,"official: Jakarta Satu layer Titik_Lokasi_Pemakaman (Distamhut, 2024-06-23), fid 4",ya,2026-09-25,https://distamhut.jakarta.go.id/ketersediaan-perpetakan
TPU Cibubur I/II,Jakarta Timur,"Jl. Haji Abdul Rahman (street from OSM), Kel. Cibubur, Kec. Ciracas, Jakarta Timur",-6.363195,106.878837,"official: Jakarta Satu layer Titik_Lokasi_Pemakaman (Distamhut, 2024-06-23), fid 5; official point labelled 'Tpu Cibubur Ii ( Mede )'; Cibubur I location not in layer",ya,2026-09-25,https://distamhut.jakarta.go.id/ketersediaan-perpetakan
TPU Pondok Ranggon,Jakarta Timur,"Jl. TPU Pondok Ranggon (street from OSM), Kel. Pondok Ranggon, Kec. Cipayung, Jakarta Timur",-6.36047,106.90905,"official: Jakarta Satu layer Titik_Lokasi_Pemakaman (Distamhut, 2024-06-23), fid 51",tidak,2026-09-25,https://distamhut.jakarta.go.id/ketersediaan-perpetakan
TPU Bantar Jati,Jakarta Timur,"Jl. Bantar Jati (street from OSM), Kel. Setu, Kec. Cipayung, Jakarta Timur",-6.312356,106.91823,"official: Jakarta Satu layer Titik_Lokasi_Pemakaman (Distamhut, 2024-06-23), fid 2",tidak,2026-09-25,https://distamhut.jakarta.go.id/ketersediaan-perpetakan
TPU Susukan Islam,Jakarta Timur,"Kel. Susukan, Kec. Ciracas, Jakarta Timur",-6.312081,106.87351,"official: Jakarta Satu layer Titik_Lokasi_Pemakaman (Distamhut, 2024-06-23), fid 67",tidak,2026-09-25,https://distamhut.jakarta.go.id/ketersediaan-perpetakan
TPU Susukan Budha,Jakarta Timur,"Gang Makam (street from OSM), Kel. Susukan, Kec. Ciracas, Jakarta Timur",-6.304211,106.869502,"official: Jakarta Satu layer Titik_Lokasi_Pemakaman (Distamhut, 2024-06-23), fid 66",tidak,2026-09-25,https://distamhut.jakarta.go.id/ketersediaan-perpetakan
TPU Ciracas,Jakarta Timur,"Gang Taba (street from OSM), Kel. Ciracas, Kec. Ciracas, Jakarta Timur",-6.320154,106.878472,"official: Jakarta Satu layer Titik_Lokasi_Pemakaman (Distamhut, 2024-06-23), fid 13",tidak,2026-09-25,https://distamhut.jakarta.go.id/ketersediaan-perpetakan
TPU Pondok Kelapa,Jakarta Timur,"Kel. Pondok Kopi, Kec. Duren Sawit, Jakarta Timur",-6.234595,106.941285,"official: Jakarta Satu layer Titik_Lokasi_Pemakaman (Distamhut, 2024-06-23), fid 50",tidak,2026-09-25,https://distamhut.jakarta.go.id/ketersediaan-perpetakan
TPU Kampung Rambutan I/II,Jakarta Timur,"Jl. Delima Raya (street from OSM), Kel. Rambutan, Kec. Ciracas, Jakarta Timur",-6.304429,106.874443,"official: Jakarta Satu layer Titik_Lokasi_Pemakaman (Distamhut, 2024-06-23), fid 29; official point labelled 'Tpu Kampung Rambutan 1'",tidak,2026-09-25,https://distamhut.jakarta.go.id/ketersediaan-perpetakan
TPU Kampung Gedong,Jakarta Timur,"Gang Balairakyat (street from OSM), Kel. Gedong, Kec. Pasar Rebo, Jakarta Timur",-6.294122,106.854994,"official: Jakarta Satu layer Titik_Lokasi_Pemakaman (Distamhut, 2024-06-23), fid 22",tidak,2026-09-25,https://distamhut.jakarta.go.id/ketersediaan-perpetakan
TPU Cipinang Asem,Jakarta Timur,"Jl. Cipinang Asem (street from OSM), Kel. Kebon Pala, Kec. Makasar, Jakarta Timur",-6.259815,106.876976,"official: Jakarta Satu layer Titik_Lokasi_Pemakaman (Distamhut, 2024-06-23), fid 11",tidak,2026-09-25,https://distamhut.jakarta.go.id/ketersediaan-perpetakan
TPU Kebon Pala,Jakarta Timur,"Jl. Kamboja (street from OSM), Kel. Kebon Pala, Kec. Makasar, Jakarta Timur",-6.265136,106.879973,"official: Jakarta Satu layer Titik_Lokasi_Pemakaman (Distamhut, 2024-06-23), fid 34",tidak,2026-09-25,https://distamhut.jakarta.go.id/ketersediaan-perpetakan
TPU Cijantung,Jakarta Timur,"Kel. Cijantung, Kec. Pasar Rebo, Jakarta Timur",-6.322171,106.851757,"official: Jakarta Satu layer Titik_Lokasi_Pemakaman (Distamhut, 2024-06-23), fid 7",tidak,2026-09-25,https://distamhut.jakarta.go.id/ketersediaan-perpetakan
TPU Kali Sari,Jakarta Timur,"Jl. Persatuan (street from OSM), Kel. Kalisari, Kec. Pasar Rebo, Jakarta Timur",-6.338368,106.849656,"official: Jakarta Satu layer Titik_Lokasi_Pemakaman (Distamhut, 2024-06-23), fid 20",tidak,2026-09-25,https://distamhut.jakarta.go.id/ketersediaan-perpetakan
TPU Penggilingan,Jakarta Timur,"Jl. Layur (street from OSM), Kel. Jati, Kec. Pulo Gadung, Jakarta Timur",-6.197233,106.898575,"official: Jakarta Satu layer Titik_Lokasi_Pemakaman (Distamhut, 2024-06-23), fid 46",tidak,2026-09-25,https://distamhut.jakarta.go.id/ketersediaan-perpetakan
TPU Kampung Penggilingan,Jakarta Timur,"Kel. Penggilingan, Kec. Cakung, Jakarta Timur",-6.206394,106.933417,"official: Jakarta Satu layer Titik_Lokasi_Pemakaman (Distamhut, 2024-06-23), fid 28",tidak,2026-09-25,https://distamhut.jakarta.go.id/ketersediaan-perpetakan
TPU Kampung Kapuk,Jakarta Timur,"Kel. Klender, Kec. Duren Sawit, Jakarta Timur",-6.217534,106.901742,"official: Jakarta Satu layer Titik_Lokasi_Pemakaman (Distamhut, 2024-06-23), fid 25",tidak,2026-09-25,https://distamhut.jakarta.go.id/ketersediaan-perpetakan
TPU Kampung Baru & Cipinang Baru,Jakarta Timur,"Gang Melati (street from OSM), Kel. Cipinang, Kec. Pulo Gadung, Jakarta Timur",-6.203643,106.892038,"official: Jakarta Satu layer Titik_Lokasi_Pemakaman (Distamhut, 2024-06-23), fid 12",tidak,2026-09-25,https://distamhut.jakarta.go.id/ketersediaan-perpetakan
TPU Utan Kayu (Kemiri),Jakarta Timur,"Jl. Rawamangun Muka Raya (street from OSM), Kel. Rawamangun, Kec. Pulo Gadung, Jakarta Timur",-6.196625,106.881363,"official: Jakarta Satu layer Titik_Lokasi_Pemakaman (Distamhut, 2024-06-23), fid 74",tidak,2026-09-25,https://distamhut.jakarta.go.id/ketersediaan-perpetakan
TPU Malaka I (Pondok Kopi),Jakarta Timur,"Jl. Rawa Wadas (street from OSM), Kel. Pondok Kopi, Kec. Duren Sawit, Jakarta Timur",-6.229243,106.936843,"official: Jakarta Satu layer Titik_Lokasi_Pemakaman (Distamhut, 2024-06-23), fid 38; official point labelled 'Tpu Malaka'",tidak,2026-09-25,https://distamhut.jakarta.go.id/ketersediaan-perpetakan
TPU Malaka II / Tanah Merah,Jakarta Timur,"Jl. Pondak Kopi (street from OSM), Kel. Pondok Kopi, Kec. Duren Sawit, Jakarta Timur",-6.227072,106.942252,"official: Jakarta Satu layer Titik_Lokasi_Pemakaman (Distamhut, 2024-06-23), fid 39",tidak,2026-09-25,https://distamhut.jakarta.go.id/ketersediaan-perpetakan
TPU Pulau Tidung,Kepulauan Seribu,"Jl. Pendidikan (street from OSM), Kel. Pulau Tidung, Kec. Kep. Seribu Selatan, Kepulauan Seribu",-5.798171,106.49959,"official: Jakarta Satu layer Titik_Lokasi_Pemakaman (Distamhut, 2024-06-23), fid 56",unknown,2026-09-25,https://distamhut.jakarta.go.id/ketersediaan-perpetakan
TPU Pulau Lancang,Kepulauan Seribu,"Kel. Pulau Pari, Kec. Kep. Seribu Selatan, Kepulauan Seribu",-5.927643,106.585311,"official: Jakarta Satu layer Titik_Lokasi_Pemakaman (Distamhut, 2024-06-23), fid 55",unknown,2026-09-25,https://distamhut.jakarta.go.id/ketersediaan-perpetakan
TPU Pulau Untung Jawa,Kepulauan Seribu,"Jl. TPU (street from OSM), Kel. Pulau Untung Jawa, Kec. Kep. Seribu Selatan, Kepulauan Seribu",-5.976519,106.706433,"official: Jakarta Satu layer Titik_Lokasi_Pemakaman (Distamhut, 2024-06-23), fid 57",unknown,2026-09-25,https://distamhut.jakarta.go.id/ketersediaan-perpetakan
TPU Pulau Karya,Kepulauan Seribu,"Jl. Dermaga Utama (street from OSM), Kel. Pulau Panggang, Kec. Kep. Seribu Utara, Kepulauan Seribu",-5.735454,106.60012,"official: Jakarta Satu layer Titik_Lokasi_Pemakaman (Distamhut, 2024-06-23), fid 54",unknown,2026-09-25,https://distamhut.jakarta.go.id/ketersediaan-perpetakan
TPU Pulau Harapan / Kelapa,Kepulauan Seribu,"Gang Timbul (street from OSM), Kel. Pulau Harapan, Kec. Kep. Seribu Utara, Kepulauan Seribu",-5.653883,106.578769,"official: Jakarta Satu layer Titik_Lokasi_Pemakaman (Distamhut, 2024-06-23), fid 53",unknown,2026-09-25,https://distamhut.jakarta.go.id/ketersediaan-perpetakan
